{
  "template": {
    "like": "bf",
    "icons": [0,1]
  },
  "templateBfCar": {
    "like": "bf-car",
    "icons": [0,1]
  },
  "templateBfChristmas": {
    "like": "bf-christmas",
    "icons": [0,1]
  },
  "templateBfPixel": {
    "like": "bf-pixel",
    "icons": [0,1]
  },
  "templateDad": {
    "like": "dad",
    "icons": [0,1]
  },
  "templateGfCar": {
    "like": "gf-car",
    "icons": [0,1]
  },
  "templateGfPixel": {
    "like": "gf-pixel",
    "icons": [0,1]
  },
  "templateGf": {
    "like": "gf",
    "icons": [0,1]
  },
  "templateMonster": {
    "like": "monster",
    "icons": [0,1]
  },
  "templateNewMonster": {
    "like": "newmonster",
    "icons": [0,1]
  },
  "templateParents": {
    "like": "parents",
    "icons": [0,1]
  },
  "templatePico": {
    "like": "pico",
    "icons": [0,1]
  },
  "templateSenpaiAngry": {
    "like": "senpai-angry",
    "icons": [0,1]
  },
  "templateSenpai": {
    "like": "senpai",
    "icons": [0,1]
  },
  "templateSpirit": {
    "like": "bf-christmas",
    "icons": [0,1]
  },
  "templateSpooky": {
    "like": "spooky",
    "icons": [0,1]
  },
  "templateMom": {
    "like": "mom",
    "icons": [6,7]
  },
  "sam": {
    "like": "mom",
    "icons": [26,25]
  },
  "greeny": {
    "like": "senpai-angry",
    "icons": [28,28]
  },
  "whitty": {
    "like": "dad",
    "icons": [27,28]
  },
  "mrbone": {
    "like": "dad",
    "icons": [29,30]
  },
  "bffem": {
    "like": "bf",
    "icons": [33,34]
  },
  "gfmale": {
    "like": "gf",
    "icons": [33,34]
  },
  "bff-car": {
    "like": "gf",
    "icons": [33,34]
  },
  "gfm-car": {
    "like": "bf",
    "icons": [33,34]
  },
  "Greg": {
    "like": "pico",
    "icons": [33,34]
  },
  "cg5": {
    "like": "dad",
    "icons": [35,36]
  },
  "cg5gf": {
    "like": "gf",
    "icons": [33,34]
  },
  "cg5mad": {
    "like": "dad",
    "icons": [35,36]
  },
  "hex": {
    "like": "dad",
    "icons": [37,38]
  },
  "hexmad": {
    "like": "dad",
    "icons": [37,38]
  },
  "hexspirit": {
    "like": "dad",
    "icons": [37,38]
  },
  "gfspooky": {
    "like": "gf",
    "icons": [41,41]
  },
  "spkids": {
    "like": "spooky",
    "icons": [2,3]
  },
  "monsterdad": {
    "like": "newmonster",
    "icons": [39,40]
  }
}