{
  "animation": {
    "danceLeft": {
      "name": "GF IDLE",
      "loop": false,
      "indices": [30,0,1,2,3,4,5,6,7,8,9,10,11,12,13,14]
    },
    "danceRight": {
      "name": "GF IDLE",
      "loop": false,
      "indices": [15,16,17,18,19,20,21,22,23,24,25,26,27,28,29]
    },
    "singUP": {
      "name": "GF IDLE",
      "loop": false,
      "indices": [2]
    }
  },
  "offset": {
    "danceLeft": [0, 0],
    "danceRight": [0, 0]
  },
  "flipx": false,
  "like": "gf-pixel",
  "isPixel": true,
  "playAnim": "danceRight"
}
