{
  "$ref": "custom_char_schema.json",
  "animation": {
    "idle": {
      "name": "Senpai Idle",
      "loop": false
    },
    "singUP": {
      "name": "SENPAI UP NOTE",
      "loop": false
    },
    "singDOWN": {
      "name": "SENPAI DOWN NOTE",
      "loop": false
    },
    "singLEFT": {
      "name": "SENPAI LEFT NOTE",
      "loop": false
    },
    "singRIGHT": {
      "name": "SENPAI RIGHT NOTE",
      "loop": false
    }
  },
  "offset": {
    "idle": [0,0],
    "singUP": [5,37],
    "singRIGHT": [0,0],
    "singLEFT": [40, 0],
    "singDOWN": [14, 0]
  },
  "flipx": false,
  "like": "senpai",
  "enemyOffset": [150,360],
  "camOffset": [300, 0],
  "followCam": [-100,-430],
  "playAnim": "idle",
  "isPixel": true
}
