{
  "$ref": "custom_char_schema.json",
  "animation": {
    "idle": {
      "name": "idle spirit_",
      "loop": false
    },
    "singUP": {
      "name": "up_",
      "loop": false
    },
    "singDOWN": {
      "name": "spirit down_",
      "loop": false
    },
    "singLEFT": {
      "name": "left_",
      "loop": false
    },
    "singRIGHT": {
      "name": "right_",
      "loop": false
    }
  },
  "offset": {
    "idle": [-220,-280],
    "singUP": [-220,-240],
    "singRIGHT": [-220,-280],
    "singLEFT": [-200, -280],
    "singDOWN": [170, 110]
  },
  "flipx": false,
  "like": "senpai",
  "enemyOffset": [-150,100],
  "camOffset": [300, 300],
  "followCam": [-100,-430],
  "playAnim": "idle",
  "isPixel": true,
  "usesSpritesheetPacker": true
}
